album_name,track_number,track_name,danceability,energy,key,loudness,mode,speechiness,acousticness,instrumentalness,liveness,valence,tempo,time_signature,duration_ms,explicit,key_name,mode_name,key_mode
Taylor Swift,1.0,Tim McGraw,0.58,0.491,0.0,-6.462,1.0,0.0251,0.575,0.0,0.121,0.425,76.009,4.0,232107.0,False,C,major,C major
Taylor Swift,2.0,Picture To Burn,0.658,0.877,7.0,-2.098,1.0,0.0323,0.173,0.0,0.0962,0.821,105.586,4.0,173067.0,False,G,major,G major
Taylor Swift,3.0,Teardrops On My Guitar,0.621,0.417,10.0,-6.941,1.0,0.0231,0.288,0.0,0.119,0.289,99.953,4.0,203040.0,False,A#,major,A# major
Taylor Swift,4.0,A Place In This World,0.576,0.777,9.0,-2.881,1.0,0.0324,0.051,0.0,0.32,0.428,115.028,4.0,199200.0,False,A,major,A major
Taylor Swift,5.0,Cold As You,0.418,0.482,5.0,-5.769,1.0,0.0266,0.217,0.0,0.123,0.261,175.558,4.0,239013.0,False,F,major,F major
Taylor Swift,6.0,The Outside,0.589,0.805,5.0,-4.055,1.0,0.0293,0.00491,0.0,0.24,0.591,112.982,4.0,207107.0,False,F,major,F major
Taylor Swift,7.0,Tied Together With A Smile,0.479,0.578,2.0,-4.963,1.0,0.0294,0.525,0.0,0.0841,0.192,146.165,4.0,248107.0,False,D,major,D major
Taylor Swift,8.0,Stay Beautiful,0.594,0.629,8.0,-4.919,1.0,0.0246,0.0868,0.0,0.137,0.504,131.597,4.0,236053.0,False,G#,major,G# major
Taylor Swift,9.0,Should've Said No,0.476,0.777,4.0,-3.771,0.0,0.0289,0.0103,0.0,0.196,0.472,167.964,4.0,242200.0,False,E,minor,E minor
Taylor Swift,11.0,Our Song,0.668,0.672,2.0,-4.931,1.0,0.0303,0.111,0.0,0.329,0.539,89.011,4.0,201107.0,False,D,major,D major
Taylor Swift,12.0,I'm Only Me When I'm With You,0.563,0.934,8.0,-3.629,1.0,0.0646,0.00452,0.000807,0.103,0.518,143.964,4.0,213053.0,False,G#,major,G# major
Taylor Swift,13.0,Invisible,0.612,0.394,7.0,-5.723,1.0,0.0243,0.637,0.0,0.147,0.233,96.001,4.0,203227.0,False,G,major,G major
Taylor Swift,14.0,A Perfectly Good Heart,0.483,0.751,4.0,-5.726,1.0,0.0365,0.00349,0.0,0.128,0.268,156.092,4.0,220147.0,False,E,major,E major
Taylor Swift,15.0,Teardrops On My Guitar (Pop Version),0.459,0.753,10.0,-3.827,1.0,0.0537,0.0402,0.0,0.0863,0.483,199.997,4.0,179067.0,False,A#,major,A# major
Fearless,1.0,Fearless,0.598,0.714,5.0,-4.397,1.0,0.0273,0.0364,1.04e-06,0.31,0.467,99.979,4.0,242000.0,False,F,major,F major
Fearless,2.0,Fifteen,0.559,0.636,7.0,-4.4,1.0,0.0263,0.0728,0.0,0.144,0.214,95.485,4.0,294347.0,False,G,major,G major
Fearless,3.0,Love Story,0.618,0.736,2.0,-3.937,1.0,0.0308,0.157,0.0,0.073,0.307,118.982,4.0,235280.0,False,D,major,D major
Fearless,4.0,Hey Stephen,0.843,0.553,6.0,-7.348,1.0,0.0317,0.168,2.66e-06,0.107,0.825,115.997,4.0,254320.0,False,F#,major,F# major
Fearless,5.0,White Horse,0.585,0.346,0.0,-8.014,1.0,0.0256,0.302,0.0,0.102,0.195,92.564,4.0,234440.0,False,C,major,C major
Fearless,6.0,You Belong With Me,0.687,0.771,6.0,-4.424,1.0,0.0384,0.164,2.46e-05,0.112,0.445,129.964,4.0,231147.0,False,F#,major,F# major
Fearless,7.0,Breathe,0.498,0.486,1.0,-7.384,1.0,0.0273,0.373,0.0,0.113,0.17,147.952,4.0,263987.0,False,C#,major,C# major
Fearless,8.0,Tell Me Why,0.601,0.852,7.0,-3.096,1.0,0.0386,0.0606,3.41e-06,0.37,0.513,100.015,4.0,200560.0,False,G,major,G major
Fearless,9.0,You're Not Sorry,0.459,0.459,6.0,-4.126,1.0,0.0275,0.13,2.3e-06,0.113,0.281,134.018,4.0,261800.0,False,F#,major,F# major
Fearless,10.0,The Way I Loved You,0.436,0.712,5.0,-3.689,1.0,0.0329,0.0322,0.0,0.111,0.379,160.886,4.0,244240.0,False,F,major,F major
Fearless,11.0,Forever & Always,0.605,0.829,10.0,-4.993,1.0,0.0549,0.0907,0.0,0.106,0.514,128.012,4.0,225333.0,False,A#,major,A# major
Fearless,12.0,The Best Day,0.664,0.447,1.0,-8.535,1.0,0.0292,0.611,1e-06,0.139,0.364,126.079,4.0,245347.0,False,C#,major,C# major
Fearless,13.0,Change,0.548,0.756,5.0,-4.175,1.0,0.036,0.00471,0.0,0.117,0.224,96.038,4.0,281053.0,False,F,major,F major
Fearless,14.0,Jump Then Fall,0.618,0.687,2.0,-5.737,1.0,0.0271,0.111,0.0,0.0693,0.82,79.991,4.0,237067.0,False,D,major,D major
Fearless,15.0,Untouchable,0.419,0.454,5.0,-6.809,1.0,0.0335,0.0583,3.78e-06,0.0974,0.288,200.017,4.0,311040.0,False,F,major,F major
Fearless,16.0,Forever & Always (Piano Version),0.592,0.16,9.0,-10.785,1.0,0.0347,0.852,0.0,0.116,0.294,118.929,4.0,267507.0,False,A,major,A major
Fearless,17.0,Come In With The Rain,0.527,0.475,2.0,-6.205,1.0,0.0258,0.0868,4.34e-06,0.248,0.224,143.962,4.0,238107.0,False,D,major,D major
Fearless,18.0,SuperStar,0.61,0.531,2.0,-6.123,1.0,0.0239,0.367,0.0,0.351,0.228,85.979,4.0,261453.0,False,D,major,D major
Fearless,19.0,The Other Side Of The Door,0.476,0.816,4.0,-4.279,1.0,0.0347,0.169,0.0,0.238,0.469,163.847,4.0,237600.0,False,E,major,E major
Fearless (Taylor's Version),1.0,Fearless (Taylor's Version),0.569,0.741,5.0,-4.963,1.0,0.0282,0.0122,0.0,0.333,0.43,100.118,4.0,241592.0,False,F,major,F major
Fearless (Taylor's Version),2.0,Fifteen (Taylor's Version),0.559,0.646,7.0,-4.61,1.0,0.0272,0.116,0.0,0.32,0.289,95.466,4.0,294419.0,False,G,major,G major
Fearless (Taylor's Version),3.0,Love Story (Taylor's Version),0.627,0.792,2.0,-4.311,1.0,0.031,0.13,3.97e-06,0.0845,0.415,119.054,4.0,235767.0,False,D,major,D major
Fearless (Taylor's Version),4.0,Hey Stephen (Taylor's Version),0.788,0.571,6.0,-6.135,1.0,0.0296,0.106,0.0,0.0934,0.797,115.99,4.0,254255.0,False,F#,major,F# major
Fearless (Taylor's Version),5.0,White Horse (Taylor's Version),0.423,0.517,0.0,-7.377,1.0,0.0486,0.369,0.0,0.177,0.366,185.262,4.0,234516.0,False,C,major,C major
Fearless (Taylor's Version),6.0,You Belong With Me (Taylor's Version),0.632,0.773,6.0,-4.856,1.0,0.0346,0.0623,0.0,0.0885,0.474,130.033,4.0,231124.0,False,F#,major,F# major
Fearless (Taylor's Version),7.0,Breathe (Taylor's Version),0.506,0.626,1.0,-6.066,1.0,0.0287,0.156,0.0,0.228,0.321,148.035,4.0,263377.0,False,C#,major,C# major
Fearless (Taylor's Version),8.0,Tell Me Why (Taylor's Version),0.578,0.909,7.0,-3.669,1.0,0.0628,0.0222,0.0,0.333,0.541,100.023,4.0,200576.0,False,G,major,G major
Fearless (Taylor's Version),9.0,You're Not Sorry (Taylor's Version),0.506,0.444,6.0,-4.99,1.0,0.0285,0.0538,0.0,0.123,0.241,133.873,4.0,261843.0,False,F#,major,F# major
Fearless (Taylor's Version),10.0,The Way I Loved You (Taylor's Version),0.402,0.732,5.0,-4.665,1.0,0.0484,0.0033,0.0,0.108,0.472,161.032,4.0,243137.0,False,F,major,F major
Fearless (Taylor's Version),11.0,Forever & Always (Taylor's Version),0.598,0.821,10.0,-4.433,1.0,0.0447,0.0231,0.0,0.143,0.673,128.03,4.0,225328.0,False,A#,major,A# major
Fearless (Taylor's Version),12.0,The Best Day (Taylor's Version),0.642,0.576,1.0,-8.524,1.0,0.0282,0.488,0.0,0.159,0.469,125.0,4.0,245290.0,False,C#,major,C# major
Fearless (Taylor's Version),13.0,Change (Taylor's Version),0.499,0.815,5.0,-4.063,1.0,0.0341,0.000191,0.0,0.181,0.344,95.999,4.0,279360.0,False,F,major,F major
Fearless (Taylor's Version),14.0,Jump Then Fall (Taylor's Version),0.572,0.69,2.0,-6.201,1.0,0.0358,0.0474,0.0,0.0897,0.624,160.111,4.0,237580.0,False,D,major,D major
Fearless (Taylor's Version),15.0,Untouchable (Taylor's Version),0.393,0.531,5.0,-6.112,1.0,0.0329,0.0181,0.0,0.169,0.224,200.391,4.0,312107.0,False,F,major,F major
Fearless (Taylor's Version),17.0,Come In With The Rain (Taylor's Version),0.476,0.564,2.0,-5.677,1.0,0.0269,0.0406,0.0,0.102,0.167,143.929,4.0,237339.0,False,D,major,D major
Fearless (Taylor's Version),18.0,SuperStar (Taylor's Version),0.454,0.555,2.0,-6.69,1.0,0.0283,0.157,0.0,0.343,0.171,171.862,4.0,263865.0,False,D,major,D major
Fearless (Taylor's Version),19.0,The Other Side Of The Door (Taylor's Version),0.432,0.873,4.0,-4.367,1.0,0.0577,0.0279,0.0,0.167,0.629,163.936,4.0,238444.0,False,E,major,E major
Speak Now,1.0,Mine,0.624,0.757,7.0,-2.94,1.0,0.0296,0.00265,1.87e-06,0.189,0.658,121.07,4.0,230707.0,False,G,major,G major
Speak Now,2.0,Sparks Fly,0.605,0.787,5.0,-3.002,1.0,0.0308,0.0396,1.42e-06,0.163,0.374,114.987,4.0,260933.0,False,F,major,F major
Speak Now,3.0,Back To December,0.529,0.67,2.0,-4.663,1.0,0.0303,0.117,0.0,0.334,0.286,141.893,4.0,293027.0,False,D,major,D major
Speak Now,4.0,Speak Now,0.709,0.599,7.0,-3.734,1.0,0.0304,0.095,0.0,0.0973,0.735,118.975,4.0,240760.0,False,G,major,G major
Speak Now,5.0,Dear John,0.589,0.47,4.0,-5.32,1.0,0.028,0.166,1.45e-06,0.112,0.102,119.386,3.0,403920.0,False,E,major,E major
Speak Now,6.0,Mean,0.568,0.761,4.0,-3.987,1.0,0.0459,0.452,0.0,0.217,0.789,163.974,4.0,237733.0,False,E,major,E major
Speak Now,7.0,The Story Of Us,0.543,0.818,4.0,-3.611,1.0,0.0398,0.00478,0.000368,0.0357,0.683,139.898,4.0,265667.0,False,E,major,E major
Speak Now,8.0,Never Grow Up,0.714,0.305,2.0,-8.837,1.0,0.0305,0.819,0.0,0.174,0.554,124.91,4.0,290467.0,False,D,major,D major
Speak Now,9.0,Enchanted,0.455,0.623,8.0,-3.878,1.0,0.0288,0.0739,0.000424,0.146,0.208,163.893,4.0,352187.0,False,G#,major,G# major
Speak Now,10.0,Better Than Revenge,0.516,0.917,11.0,-3.186,0.0,0.0827,0.0139,6.37e-06,0.36,0.635,145.821,4.0,217160.0,False,B,minor,B minor
Speak Now,11.0,Innocent,0.552,0.608,1.0,-5.29,0.0,0.0259,0.186,0.0,0.125,0.17,134.05,4.0,302253.0,False,C#,minor,C# minor
Speak Now,12.0,Haunted,0.436,0.95,5.0,-2.627,1.0,0.057,0.0826,1.08e-06,0.149,0.352,162.088,4.0,242080.0,False,F,major,F major
Speak Now,13.0,Last Kiss,0.371,0.341,10.0,-9.475,1.0,0.0319,0.57,3.09e-05,0.101,0.196,89.038,1.0,367133.0,False,A#,major,A# major
Speak Now,14.0,Long Live,0.418,0.68,7.0,-4.3,1.0,0.0347,0.036,7.59e-05,0.114,0.142,204.12,4.0,317453.0,False,G,major,G major
Speak Now,15.0,Ours,0.608,0.569,0.0,-7.227,1.0,0.0284,0.537,0.0,0.097,0.238,159.845,4.0,237920.0,False,C,major,C major
Speak Now,16.0,If This Was A Movie,0.511,0.719,4.0,-3.457,1.0,0.0265,0.166,4.54e-06,0.34,0.289,147.852,4.0,234547.0,False,E,major,E major
Speak Now,17.0,Superman,0.582,0.765,7.0,-3.648,1.0,0.0324,0.0268,1.95e-06,0.103,0.559,131.982,4.0,275960.0,False,G,major,G major
Red,1.0,State Of Grace,0.588,0.825,4.0,-5.882,1.0,0.0328,0.000197,0.00138,0.0885,0.397,129.968,4.0,295187.0,False,E,major,E major
Red,2.0,Red,0.602,0.896,1.0,-4.267,0.0,0.0437,0.0773,8.87e-05,0.091,0.641,124.978,4.0,220827.0,False,C#,minor,C# minor
Red,3.0,Treacherous,0.705,0.621,2.0,-8.086,1.0,0.0334,0.101,4.3e-06,0.147,0.395,109.993,4.0,240773.0,False,D,major,D major
Red,4.0,I Knew You Were Trouble,0.622,0.469,3.0,-6.798,0.0,0.0363,0.00454,2.25e-06,0.0398,0.679,77.019,4.0,217973.0,False,D#,minor,D# minor
Red,5.0,All Too Well,0.602,0.609,0.0,-7.803,1.0,0.0243,0.0382,0.0002,0.127,0.337,93.06,4.0,327893.0,False,C,major,C major
Red,6.0,22,0.658,0.729,7.0,-6.561,1.0,0.0378,0.00215,0.0013,0.0752,0.668,104.007,4.0,230133.0,False,G,major,G major
Red,7.0,I Almost Do,0.567,0.481,4.0,-7.357,1.0,0.027,0.0173,4.13e-05,0.182,0.233,145.865,4.0,242573.0,False,E,major,E major
Red,8.0,We Are Never Ever Getting Back Together,0.628,0.676,7.0,-5.911,1.0,0.0916,0.00957,2.65e-05,0.102,0.75,85.984,4.0,191880.0,False,G,major,G major
Red,9.0,Stay Stay Stay,0.729,0.748,0.0,-6.67,1.0,0.0245,0.307,1.29e-06,0.09,0.928,99.981,4.0,204827.0,False,C,major,C major
Red,10.0,The Last Time,0.505,0.443,2.0,-7.039,1.0,0.0276,0.035,3.15e-06,0.0921,0.123,94.069,4.0,298293.0,False,D,major,D major
Red,11.0,Holy Ground,0.627,0.816,4.0,-6.698,1.0,0.0774,0.0162,0.00208,0.0966,0.648,157.043,4.0,201853.0,False,E,major,E major
Red,12.0,Sad Beautiful Tragic,0.624,0.34,7.0,-12.411,1.0,0.029,0.632,0.0337,0.121,0.261,129.987,3.0,283680.0,False,G,major,G major
Red,13.0,The Lucky One,0.706,0.499,4.0,-7.675,1.0,0.0369,0.0371,0.0,0.132,0.545,117.937,4.0,240133.0,False,E,major,E major
Red,14.0,Everything Has Changed,0.624,0.458,6.0,-6.755,1.0,0.0287,0.36,3.89e-06,0.303,0.436,80.017,4.0,243933.0,False,F#,major,F# major
Red,15.0,Starlight,0.649,0.777,9.0,-5.804,1.0,0.0406,0.0213,0.000335,0.221,0.587,126.018,4.0,217827.0,False,A,major,A major
Red,16.0,Begin Again,0.53,0.526,7.0,-8.349,1.0,0.0263,0.199,3.52e-06,0.232,0.323,79.025,4.0,237613.0,False,G,major,G major
Red,17.0,The Moment I Knew,0.62,0.506,7.0,-7.327,1.0,0.0312,0.187,1.47e-05,0.102,0.275,126.015,4.0,285560.0,False,G,major,G major
Red,19.0,Girl At Home,0.733,0.59,5.0,-5.86,1.0,0.0284,0.272,0.0,0.136,0.633,125.048,4.0,220320.0,False,F,major,F major
Red,20.0,Treacherous (Original Demo Recording),0.828,0.64,2.0,-8.248,1.0,0.0355,0.175,6.14e-05,0.0996,0.519,109.993,4.0,239720.0,False,D,major,D major
Red,21.0,Red (Original Demo Recording),0.678,0.902,1.0,-4.659,0.0,0.0358,0.113,0.000235,0.0722,0.637,124.998,4.0,226280.0,False,C#,minor,C# minor
Red,22.0,State Of Grace (Acoustic Version),0.626,0.118,7.0,-15.91,1.0,0.0305,0.664,0.000169,0.127,0.0682,105.597,4.0,323080.0,False,G,major,G major
Red (Taylor's Version),1.0,State Of Grace (Taylor's Version),0.594,0.713,9.0,-5.314,1.0,0.0503,0.000328,0.0,0.114,0.328,129.958,4.0,295413.0,False,A,major,A major
Red (Taylor's Version),2.0,Red (Taylor's Version),0.516,0.777,1.0,-4.908,0.0,0.0375,0.00108,1.62e-06,0.0761,0.408,125.047,4.0,223093.0,False,C#,minor,C# minor
Red (Taylor's Version),3.0,Treacherous (Taylor's Version),0.645,0.593,2.0,-6.506,1.0,0.0288,0.0344,0.000127,0.13,0.299,109.984,4.0,242720.0,False,D,major,D major
Red (Taylor's Version),4.0,I Knew You Were Trouble (Taylor's Version),0.584,0.557,6.0,-6.371,1.0,0.0342,0.0129,0.0,0.0576,0.767,154.008,4.0,219760.0,False,F#,major,F# major
Red (Taylor's Version),5.0,All Too Well (Taylor's Version),0.44,0.528,0.0,-7.809,1.0,0.0317,0.0171,0.00203,0.234,0.132,185.972,4.0,329160.0,False,C,major,C major
Red (Taylor's Version),6.0,22 (Taylor's Version),0.642,0.695,7.0,-5.62,1.0,0.0281,0.000443,1.02e-05,0.0753,0.642,103.984,4.0,230960.0,False,G,major,G major
Red (Taylor's Version),7.0,I Almost Do (Taylor's Version),0.511,0.559,4.0,-6.587,1.0,0.0264,0.0167,0.0,0.113,0.248,145.88,4.0,244587.0,False,E,major,E major
Red (Taylor's Version),8.0,We Are Never Ever Getting Back Together (Taylor's Version),0.567,0.686,7.0,-6.139,1.0,0.175,0.0317,1.86e-06,0.0732,0.716,172.014,4.0,193147.0,False,G,major,G major
Red (Taylor's Version),9.0,Stay Stay Stay (Taylor's Version),0.693,0.681,0.0,-7.039,1.0,0.025,0.0848,0.0,0.0768,0.663,100.02,4.0,205787.0,False,C,major,C major
Red (Taylor's Version),10.0,The Last Time (Taylor's Version),0.502,0.534,2.0,-5.954,1.0,0.0278,0.0399,0.0,0.0977,0.155,94.05,4.0,299080.0,False,D,major,D major
Red (Taylor's Version),11.0,Holy Ground (Taylor's Version),0.622,0.809,9.0,-5.623,1.0,0.0638,0.0288,0.00218,0.109,0.511,156.894,4.0,202960.0,False,A,major,A major
Red (Taylor's Version),12.0,Sad Beautiful Tragic (Taylor's Version),0.601,0.406,7.0,-11.827,1.0,0.0275,0.622,9.19e-05,0.133,0.232,130.059,3.0,284773.0,False,G,major,G major
Red (Taylor's Version),13.0,The Lucky One (Taylor's Version),0.686,0.571,4.0,-7.138,1.0,0.05,0.066,0.0,0.0608,0.538,117.889,4.0,240467.0,False,E,major,E major
Red (Taylor's Version),14.0,Everything Has Changed (Taylor's Version),0.498,0.61,6.0,-5.098,1.0,0.0363,0.271,0.0,0.223,0.474,79.918,4.0,245427.0,False,F#,major,F# major
Red (Taylor's Version),15.0,Starlight (Taylor's Version),0.628,0.685,4.0,-5.864,1.0,0.0358,0.00324,0.0,0.18,0.605,126.014,4.0,220413.0,False,E,major,E major
Red (Taylor's Version),16.0,Begin Again (Taylor's Version),0.519,0.527,7.0,-7.673,1.0,0.0274,0.075,0.0,0.132,0.267,78.915,4.0,238867.0,False,G,major,G major
Red (Taylor's Version),17.0,The Moment I Knew (Taylor's Version),0.636,0.402,7.0,-7.855,1.0,0.031,0.0494,0.0,0.107,0.208,125.952,4.0,285280.0,False,G,major,G major
Red (Taylor's Version),19.0,Girl At Home (Taylor's Version),0.691,0.736,5.0,-6.974,1.0,0.0326,0.00955,1.88e-05,0.101,0.612,125.089,4.0,220520.0,False,F,major,F major
1989,1.0,Welcome To New York,0.789,0.634,7.0,-4.762,1.0,0.0323,0.0348,1.64e-06,0.302,0.658,116.992,4.0,212600.0,False,G,major,G major
1989,2.0,Blank Space,0.76,0.703,5.0,-5.412,1.0,0.054,0.103,0.0,0.0913,0.57,95.997,4.0,231827.0,False,F,major,F major
1989,3.0,Style,0.588,0.791,7.0,-5.595,1.0,0.0402,0.00245,0.00258,0.118,0.487,94.933,4.0,231000.0,False,G,major,G major
1989,4.0,Out Of The Woods,0.553,0.841,7.0,-6.937,1.0,0.0396,0.000743,1.19e-05,0.341,0.338,92.008,4.0,235800.0,False,G,major,G major
1989,5.0,All You Had To Do Was Stay,0.605,0.725,5.0,-5.729,1.0,0.0323,0.00201,2.02e-05,0.101,0.539,96.97,4.0,193293.0,False,F,major,F major
1989,6.0,Shake It Off,0.647,0.8,7.0,-5.384,1.0,0.165,0.0647,0.0,0.334,0.942,160.078,4.0,219200.0,False,G,major,G major
1989,7.0,I Wish You Would,0.653,0.893,0.0,-5.966,1.0,0.0538,0.0158,4.95e-05,0.102,0.513,118.035,4.0,207440.0,False,C,major,C major
1989,8.0,Bad Blood,0.646,0.794,7.0,-6.104,1.0,0.19,0.0885,6.16e-06,0.201,0.287,170.216,4.0,211933.0,False,G,major,G major
1989,9.0,Wildest Dreams,0.55,0.688,8.0,-7.416,1.0,0.0897,0.0692,0.00144,0.106,0.465,139.997,4.0,220440.0,False,G#,major,G# major
1989,10.0,How You Get The Girl,0.765,0.656,5.0,-6.112,1.0,0.0504,0.00364,0.00868,0.0918,0.545,119.997,4.0,247533.0,False,F,major,F major
1989,11.0,This Love,0.481,0.435,4.0,-8.795,1.0,0.0321,0.678,0.0,0.0928,0.107,143.95,4.0,250093.0,False,E,major,E major
1989,12.0,I Know Places,0.602,0.755,0.0,-4.991,1.0,0.071,0.245,0.0,0.178,0.495,159.965,4.0,195707.0,False,C,major,C major
1989,13.0,Clean,0.815,0.377,4.0,-7.754,1.0,0.0346,0.232,0.0,0.1,0.211,103.97,4.0,271000.0,False,E,major,E major
1989,14.0,Wonderland,0.422,0.692,3.0,-5.447,1.0,0.0549,0.0493,2.57e-05,0.177,0.197,184.014,4.0,245560.0,False,D#,major,D# major
1989,15.0,You Are In Love,0.474,0.48,2.0,-8.894,1.0,0.0622,0.707,0.000108,0.0903,0.319,170.109,4.0,267107.0,False,D,major,D major
1989,16.0,New Romantics,0.633,0.889,5.0,-5.87,1.0,0.0715,0.00463,0.000458,0.0658,0.584,121.956,4.0,230467.0,False,F,major,F major
reputation,1.0,...Ready For It?,0.613,0.764,2.0,-6.509,1.0,0.136,0.0527,0.0,0.197,0.417,160.015,4.0,208187.0,False,D,major,D major
reputation,2.0,End Game,0.649,0.589,2.0,-6.237,1.0,0.0558,0.00845,0.0,0.108,0.151,159.073,4.0,244827.0,False,D,major,D major
reputation,3.0,I Did Something Bad,0.696,0.602,0.0,-6.156,0.0,0.159,0.0679,2.11e-05,0.0696,0.305,82.989,4.0,238253.0,False,C,minor,C minor
reputation,4.0,Don't Blame Me,0.615,0.534,9.0,-6.719,0.0,0.0386,0.106,1.76e-05,0.0607,0.193,135.917,4.0,236413.0,False,A,minor,A minor
reputation,5.0,Delicate,0.75,0.404,9.0,-10.178,0.0,0.0682,0.216,0.000357,0.0911,0.0499,95.045,4.0,232253.0,False,A,minor,A minor
reputation,6.0,Look What You Made Me Do,0.766,0.709,9.0,-6.471,0.0,0.123,0.204,1.41e-05,0.126,0.506,128.07,4.0,211853.0,False,A,minor,A minor
reputation,7.0,So It Goes...,0.574,0.61,2.0,-7.283,1.0,0.0732,0.122,1.1e-06,0.13,0.374,74.957,4.0,227907.0,False,D,major,D major
reputation,8.0,Gorgeous,0.8,0.535,7.0,-6.684,1.0,0.135,0.0713,9.48e-06,0.213,0.451,92.027,4.0,209680.0,False,G,major,G major
reputation,9.0,Getaway Car,0.562,0.689,2.0,-6.745,1.0,0.127,0.00465,2.23e-06,0.0888,0.351,172.054,4.0,233627.0,False,D,major,D major
reputation,10.0,King Of My Heart,0.675,0.703,0.0,-7.902,1.0,0.0382,0.00882,2.21e-06,0.0391,0.314,110.01,4.0,214320.0,False,C,major,C major
reputation,11.0,Dancing With Our Hands Tied,0.624,0.691,0.0,-6.686,0.0,0.196,0.0604,1.1e-05,0.138,0.284,160.024,4.0,211507.0,False,C,minor,C minor
reputation,12.0,Dress,0.719,0.469,0.0,-8.792,1.0,0.0533,0.0329,0.0,0.169,0.0851,120.085,4.0,230373.0,False,C,major,C major
reputation,13.0,This Is Why We Can't Have Nice Things,0.567,0.789,5.0,-5.986,1.0,0.115,0.0156,0.0,0.382,0.438,163.96,4.0,207133.0,False,F,major,F major
reputation,14.0,Call It What You Want,0.598,0.504,9.0,-9.874,1.0,0.0731,0.186,0.000221,0.34,0.252,163.954,4.0,203507.0,False,A,major,A major
Lover,1.0,I Forgot That You Existed,0.664,0.316,5.0,-10.345,1.0,0.519,0.298,2.03e-06,0.0812,0.541,92.875,4.0,170640.0,False,F,major,F major
Lover,2.0,Cruel Summer,0.552,0.702,9.0,-5.707,1.0,0.157,0.117,2.06e-05,0.105,0.564,169.994,4.0,178427.0,False,A,major,A major
Lover,3.0,Lover,0.359,0.543,7.0,-7.582,1.0,0.0919,0.492,1.58e-05,0.118,0.453,68.534,4.0,221307.0,False,G,major,G major
Lover,4.0,The Man,0.777,0.658,0.0,-5.191,1.0,0.054,0.0767,0.0,0.0901,0.633,110.048,4.0,190360.0,False,C,major,C major
Lover,5.0,The Archer,0.292,0.574,0.0,-9.375,1.0,0.0401,0.12,0.00569,0.0663,0.166,124.344,4.0,211240.0,False,C,major,C major
Lover,6.0,I Think He Knows,0.897,0.366,0.0,-8.029,1.0,0.0569,0.00889,0.000353,0.0715,0.416,100.003,4.0,173387.0,False,C,major,C major
Lover,7.0,Miss Americana & The Heartbreak Prince,0.662,0.747,11.0,-6.926,0.0,0.0736,0.028,0.00615,0.138,0.487,150.088,4.0,234147.0,False,B,minor,B minor
Lover,8.0,Paper Rings,0.811,0.719,9.0,-6.553,1.0,0.0497,0.0129,1.36e-05,0.0742,0.865,103.979,4.0,222400.0,False,A,major,A major
Lover,9.0,Cornelia Street,0.824,0.624,0.0,-9.728,1.0,0.0827,0.781,0.000189,0.1,0.248,102.012,4.0,287267.0,False,C,major,C major
Lover,10.0,Death By A Thousand Cuts,0.712,0.732,4.0,-6.754,1.0,0.0629,0.454,0.0,0.319,0.313,94.071,4.0,198533.0,False,E,major,E major
Lover,11.0,London Boy,0.695,0.71,1.0,-6.639,1.0,0.05,0.0246,0.000104,0.133,0.557,157.925,4.0,190240.0,False,C#,major,C# major
Lover,12.0,Soon You'll Get Better,0.433,0.182,0.0,-12.566,1.0,0.0641,0.907,0.0,0.123,0.421,207.476,4.0,201587.0,False,C,major,C major
Lover,13.0,False God,0.739,0.32,11.0,-10.862,0.0,0.239,0.736,0.000147,0.111,0.351,79.97,4.0,200307.0,False,B,minor,B minor
Lover,14.0,You Need To Calm Down,0.771,0.671,2.0,-5.617,1.0,0.0553,0.00929,0.0,0.0637,0.714,85.026,4.0,171360.0,False,D,major,D major
Lover,15.0,Afterglow,0.756,0.449,9.0,-8.746,1.0,0.0344,0.13,0.0,0.114,0.399,111.011,4.0,223293.0,False,A,major,A major
Lover,16.0,ME!,0.61,0.83,0.0,-4.105,1.0,0.0571,0.033,0.0,0.118,0.728,182.162,4.0,193000.0,False,C,major,C major
Lover,17.0,It's Nice To Have A Friend,0.737,0.175,10.0,-9.912,1.0,0.0401,0.971,0.000337,0.171,0.545,70.008,4.0,150440.0,False,A#,major,A# major
Lover,18.0,Daylight,0.557,0.496,0.0,-9.602,1.0,0.0563,0.808,0.000173,0.0772,0.265,149.983,4.0,293453.0,False,C,major,C major
folklore,1.0,the 1,0.78,0.361,0.0,-6.942,1.0,0.048,0.75,7.14e-06,0.108,0.163,139.902,4.0,210240.0,True,C,major,C major
folklore,2.0,cardigan,0.612,0.58,0.0,-8.572,0.0,0.0419,0.525,0.000414,0.26,0.534,130.045,4.0,239560.0,False,C,minor,C minor
folklore,3.0,the last great american dynasty,0.688,0.653,7.0,-8.558,1.0,0.0403,0.481,0.00414,0.106,0.701,147.991,4.0,231000.0,True,G,major,G major
folklore,4.0,exile,0.31,0.374,6.0,-8.464,1.0,0.0275,0.761,2.46e-05,0.11,0.16,75.938,4.0,285640.0,False,F#,major,F# major
folklore,5.0,my tears ricochet,0.456,0.265,0.0,-10.663,1.0,0.0328,0.814,0.0,0.0679,0.112,129.947,4.0,255893.0,False,C,major,C major
folklore,6.0,mirrorball,0.549,0.417,7.0,-10.064,1.0,0.035,0.686,1.9e-06,0.0604,0.347,110.137,4.0,208973.0,False,G,major,G major
folklore,7.0,seven,0.602,0.494,4.0,-10.813,1.0,0.0277,0.888,2.59e-05,0.0902,0.374,94.955,4.0,208907.0,False,E,major,E major
folklore,8.0,august,0.387,0.634,5.0,-9.222,1.0,0.0363,0.553,6.93e-05,0.0931,0.42,89.567,4.0,261920.0,False,F,major,F major
folklore,9.0,this is me trying,0.511,0.478,9.0,-9.837,1.0,0.0322,0.312,2.3e-05,0.147,0.408,135.882,4.0,195107.0,False,A,major,A major
folklore,10.0,illicit affairs,0.529,0.304,10.0,-10.567,1.0,0.0356,0.862,0.0,0.108,0.44,119.58,4.0,190893.0,False,A#,major,A# major
folklore,11.0,invisible string,0.651,0.459,4.0,-11.128,0.0,0.0507,0.859,6.63e-05,0.105,0.454,83.455,4.0,252880.0,False,E,minor,E minor
folklore,12.0,mad woman,0.593,0.7,3.0,-9.016,1.0,0.0492,0.67,6.77e-06,0.116,0.451,141.898,4.0,237267.0,True,D#,major,D# major
folklore,13.0,epiphany,0.317,0.254,1.0,-13.679,1.0,0.0286,0.727,0.000326,0.0867,0.103,93.933,4.0,289747.0,False,C#,major,C# major
folklore,14.0,betty,0.595,0.376,0.0,-8.767,1.0,0.0256,0.589,0.0,0.0989,0.476,95.946,4.0,294520.0,True,C,major,C major
folklore,15.0,peace,0.644,0.284,5.0,-12.879,1.0,0.0821,0.916,1.5e-05,0.0909,0.328,150.072,4.0,234000.0,True,F,major,F major
folklore,16.0,hoax,0.676,0.178,8.0,-15.01,1.0,0.0394,0.964,7.9e-06,0.135,0.404,118.84,4.0,220040.0,False,G#,major,G# major
folklore,17.0,the lakes,0.313,0.258,2.0,-11.532,1.0,0.0383,0.842,1.3e-06,0.0948,0.268,179.947,4.0,211813.0,False,D,major,D major
The Taylor Swift Holiday Collection,1.0,Last Christmas,0.702,0.77,5.0,-5.319,1.0,0.0372,0.31,0.0,0.149,0.685,116.009,4.0,208253.0,False,F,major,F major
The Taylor Swift Holiday Collection,2.0,Christmases When You Were Mine,0.625,0.206,7.0,-12.568,1.0,0.0285,0.646,0.0,0.0915,0.392,79.466,4.0,184253.0,False,G,major,G major
The Taylor Swift Holiday Collection,3.0,Santa Baby,0.759,0.509,5.0,-6.593,1.0,0.0271,0.159,0.0,0.153,0.75,107.948,4.0,158600.0,False,F,major,F major
The Taylor Swift Holiday Collection,4.0,Silent Night,0.423,0.311,7.0,-7.581,1.0,0.0319,0.621,0.0,0.0987,0.134,119.546,3.0,209893.0,False,G,major,G major
The Taylor Swift Holiday Collection,5.0,Christmas Must Be Something More,0.689,0.793,7.0,-4.838,1.0,0.0356,0.298,0.0,0.107,0.506,122.879,4.0,232147.0,False,G,major,G major
The Taylor Swift Holiday Collection,6.0,White Christmas,0.562,0.392,9.0,-9.014,1.0,0.0287,0.587,0.0,0.224,0.514,145.792,4.0,154000.0,False,A,major,A major
Beautiful Eyes,1.0,Beautiful Eyes,0.5890084033613445,0.5770840336134454,4.676470588235294,-7.364197478991597,0.9159663865546218,0.0535172268907562,0.2987187478991597,0.0033253801680672,0.1408903361344538,0.4078394957983193,124.03876470588236,3.974789915966386,237852.5924369748,False,G,major,G major
Beautiful Eyes,2.0,Should've Said No (Alternate Version),0.5890084033613445,0.5770840336134454,4.676470588235294,-7.364197478991597,0.9159663865546218,0.0535172268907562,0.2987187478991597,0.0033253801680672,0.1408903361344538,0.4078394957983193,124.03876470588236,3.974789915966386,237852.5924369748,False,G,major,G major
Beautiful Eyes,3.0,Teardrops On My Guitar (Acoustic Version),0.5890084033613445,0.5770840336134454,4.676470588235294,-7.364197478991597,0.9159663865546218,0.0535172268907562,0.2987187478991597,0.0033253801680672,0.1408903361344538,0.4078394957983193,124.03876470588236,3.974789915966386,237852.5924369748,False,G,major,G major
Beautiful Eyes,4.0,Picture To Burn (Radio Edit),0.5890084033613445,0.5770840336134454,4.676470588235294,-7.364197478991597,0.9159663865546218,0.0535172268907562,0.2987187478991597,0.0033253801680672,0.1408903361344538,0.4078394957983193,124.03876470588236,3.974789915966386,237852.5924369748,False,G,major,G major
Beautiful Eyes,6.0,I Heart ?,0.5890084033613445,0.5770840336134454,4.676470588235294,-7.364197478991597,0.9159663865546218,0.0535172268907562,0.2987187478991597,0.0033253801680672,0.1408903361344538,0.4078394957983193,124.03876470588236,3.974789915966386,237852.5924369748,False,G,major,G major
